#,player name,sf,min,pts,%_2pt,%_3pt,%_1pt,dr_rebounds,or_rebounds,tr_rebounds,pf_fouls,fa_fouls,st,to,as,bkf_blocks,bka_blocks,dnk,val,+/-,m_2pt,a_2pt,m_3pt,a_3pt,m_1pt,a_1pt,opponent,loc,round,game_idx,coach
,Team,,0,0,0,0,0,5,4,9,0,0,0,0,0,0,0,0,9,0,0,0,0,0,0,0,Kiryat Ata,A,13,3,Amit Schaerf
3,Justin Smith,*,31,8,80,0,0,4,1,5,2,1,1,1,3,1,0,2,15,-9,4,5,0,0,0,0,Kiryat Ata,A,13,3,Amit Schaerf
8,Shawn Dawson,*,33,18,33,50,67,8,0,8,4,7,0,2,4,0,0,0,20,-4,3,9,2,4,6,9,Kiryat Ata,A,13,3,Amit Schaerf
9,Hans Vanwijn,,23,7,100,50,0,2,1,3,1,3,0,0,2,0,0,0,13,9,2,2,1,2,0,0,Kiryat Ata,A,13,3,Amit Schaerf
11,C.J. Harris,*,32,8,25,0,100,3,1,4,5,5,1,2,4,0,3,0,0,-8,2,8,0,6,4,4,Kiryat Ata,A,13,3,Amit Schaerf
12,Shahar Amir,,14,8,50,50,0,1,0,1,1,1,2,0,1,0,0,0,8,8,1,2,2,4,0,1,Kiryat Ata,A,13,3,Amit Schaerf
16,Yotam Hanochi,*,19,6,75,0,0,2,1,3,2,1,0,2,2,1,0,0,7,-9,3,4,0,1,0,0,Kiryat Ata,A,13,3,Amit Schaerf
21,Netanel Artzi,*,24,13,29,75,0,0,1,1,4,1,2,3,0,1,0,0,3,-1,2,7,3,4,0,2,Kiryat Ata,A,13,3,Amit Schaerf
22,Drew Crawford,,24,14,50,50,0,1,2,3,4,0,1,2,0,0,0,0,7,-6,1,2,4,8,0,0,Kiryat Ata,A,13,3,Amit Schaerf
,Total,,200,82,46,41,63,26,11,37,23,19,7,12,16,3,3,2,82,0,18,39,12,29,10,16,Kiryat Ata,A,13,3,Amit Schaerf
,Team,,0,0,0,0,0,5,1,6,0,0,0,0,0,0,0,0,6,0,0,0,0,0,0,0,Hapoel Afula,H,9,1,Amit Schaerf
3,Justin Smith,*,32,22,88,0,67,6,3,9,3,9,1,3,2,1,0,4,33,11,7,8,0,0,8,12,Hapoel Afula,H,9,1,Amit Schaerf
8,Shawn Dawson,*,27,6,38,0,0,3,1,4,1,0,0,4,1,0,0,0,0,8,3,8,0,1,0,0,Hapoel Afula,H,9,1,Amit Schaerf
9,Hans Vanwijn,,15,7,0,100,50,0,2,2,4,1,0,2,3,0,1,0,3,-1,0,2,2,2,1,2,Hapoel Afula,H,9,1,Amit Schaerf
12,Shahar Amir,,4,3,0,50,0,0,0,0,1,0,0,0,0,0,0,0,1,-4,0,0,1,2,0,0,Hapoel Afula,H,9,1,Amit Schaerf
13,Nick Johnson,*,25,13,40,50,86,5,0,5,4,6,1,2,7,2,0,0,23,4,2,5,1,2,6,7,Hapoel Afula,H,9,1,Amit Schaerf
16,Yotam Hanochi,*,27,14,100,33,75,5,0,5,2,2,0,2,1,3,0,0,18,7,4,4,1,3,3,4,Hapoel Afula,H,9,1,Amit Schaerf
21,Netanel Artzi,*,19,5,0,50,100,1,1,2,2,1,0,0,2,0,0,0,7,3,0,0,1,2,2,2,Hapoel Afula,H,9,1,Amit Schaerf
22,Drew Crawford,,22,9,50,50,50,2,0,2,3,2,1,1,2,1,0,0,9,-1,1,2,2,4,1,2,Hapoel Afula,H,9,1,Amit Schaerf
44,Niv Misgav,,29,6,0,14,75,2,2,4,4,4,1,4,3,0,0,0,2,-2,0,1,1,7,3,4,Hapoel Afula,H,9,1,Amit Schaerf
,Total,,200,85,57,39,73,29,10,39,24,25,4,18,21,7,1,4,102,0,17,30,9,23,24,33,Hapoel Afula,H,9,1,Amit Schaerf
,Team,,0,0,0,0,0,1,1,2,0,0,0,0,0,0,0,0,2,0,0,0,0,0,0,0,Hapoel Haifa,H,14,4,Amit Schaerf
3,Justin Smith,*,20,10,67,0,50,4,2,6,2,3,0,3,2,1,0,0,11,-6,4,6,0,2,2,4,Hapoel Haifa,H,14,4,Amit Schaerf
8,Shawn Dawson,*,26,14,50,20,71,4,1,5,4,6,0,6,9,1,1,0,15,8,3,6,1,5,5,7,Hapoel Haifa,H,14,4,Amit Schaerf
9,Hans Vanwijn,,17,0,0,0,0,2,1,3,0,0,1,2,1,0,1,0,-2,2,0,2,0,2,0,0,Hapoel Haifa,H,14,4,Amit Schaerf
11,C.J. Harris,*,34,18,67,60,83,4,0,4,2,3,2,0,7,0,0,1,28,-1,2,3,3,5,5,6,Hapoel Haifa,H,14,4,Amit Schaerf
12,Shahar Amir,,21,6,0,67,0,0,0,0,3,2,1,1,0,0,0,0,4,15,0,0,2,3,0,0,Hapoel Haifa,H,14,4,Amit Schaerf
16,Yotam Hanochi,*,27,15,75,50,0,5,1,6,3,2,0,0,4,1,0,0,22,13,6,8,1,2,0,0,Hapoel Haifa,H,14,4,Amit Schaerf
21,Netanel Artzi,*,29,6,0,33,75,4,1,5,4,4,1,0,0,1,0,0,5,7,0,5,1,3,3,4,Hapoel Haifa,H,14,4,Amit Schaerf
22,Drew Crawford,,26,17,100,43,0,4,5,9,1,0,1,2,2,0,0,1,22,17,4,4,3,7,0,0,Hapoel Haifa,H,14,4,Amit Schaerf
,Total,,200,86,56,38,71,28,12,40,19,20,6,14,25,4,2,2,107,0,19,34,11,29,15,21,Hapoel Haifa,H,14,4,Amit Schaerf
,Team,,0,0,0,0,0,1,2,3,1,0,0,0,0,0,0,0,2,0,0,0,0,0,0,0,Bnei Herzeliya,H,16,7,Amit Schaerf
2,Deondre Burns,*,23,7,43,0,50,3,1,4,2,3,1,0,5,0,2,0,11,2,3,7,0,0,1,2,Bnei Herzeliya,H,16,7,Amit Schaerf
3,Justin Smith,*,28,28,81,0,33,8,4,12,4,3,1,1,2,0,1,6,33,-10,13,16,0,0,2,6,Bnei Herzeliya,H,16,7,Amit Schaerf
8,Shawn Dawson,,27,11,40,100,50,0,0,0,3,4,0,1,2,1,0,0,10,-3,2,5,2,2,1,2,Bnei Herzeliya,H,16,7,Amit Schaerf
9,Hans Vanwijn,,20,5,33,50,0,2,1,3,3,1,0,0,6,0,0,0,9,-5,1,3,1,2,0,0,Bnei Herzeliya,H,16,7,Amit Schaerf
11,C.J. Harris,*,32,8,12,14,100,1,0,1,2,2,2,1,4,0,1,0,0,-3,1,8,1,7,3,3,Bnei Herzeliya,H,16,7,Amit Schaerf
12,Shahar Amir,,7,0,0,0,0,0,1,1,2,0,1,0,0,0,1,0,-2,-8,0,0,0,1,0,0,Bnei Herzeliya,H,16,7,Amit Schaerf
16,Yotam Hanochi,*,20,7,67,33,0,1,0,1,1,1,0,1,1,0,0,0,4,-6,2,3,1,3,0,1,Bnei Herzeliya,H,16,7,Amit Schaerf
21,Netanel Artzi,*,27,16,50,43,100,5,3,8,4,1,4,1,1,0,0,1,18,1,3,6,3,7,1,1,Bnei Herzeliya,H,16,7,Amit Schaerf
44,Niv Misgav,,16,5,0,50,100,0,0,0,3,1,0,3,5,0,0,0,4,7,0,0,1,2,2,2,Bnei Herzeliya,H,16,7,Amit Schaerf
,Total,,200,87,52,38,59,21,12,33,25,16,9,8,26,1,5,7,89,0,25,48,9,24,10,17,Bnei Herzeliya,H,16,7,Amit Schaerf
,Team,,0,0,0,0,0,6,2,8,0,0,0,0,0,0,0,0,8,0,0,0,0,0,0,0,Maccabi Ramat Gan,A,10,5,Amit Schaerf
2,Deondre Burns,,24,14,43,50,62,1,1,2,4,4,1,0,6,0,0,0,15,2,3,7,1,2,5,8,Maccabi Ramat Gan,A,10,5,Amit Schaerf
3,Justin Smith,*,25,9,38,0,100,4,2,6,2,3,1,4,1,2,0,2,11,-7,3,8,0,0,3,3,Maccabi Ramat Gan,A,10,5,Amit Schaerf
8,Shawn Dawson,*,31,15,57,40,33,2,1,3,3,4,1,3,0,0,1,0,8,-15,4,7,2,5,1,3,Maccabi Ramat Gan,A,10,5,Amit Schaerf
11,C.J. Harris,*,24,8,40,33,100,0,1,1,3,5,0,2,2,0,0,0,6,-11,2,5,1,3,1,1,Maccabi Ramat Gan,A,10,5,Amit Schaerf
12,Shahar Amir,,12,0,0,0,0,0,1,1,1,0,0,1,1,0,0,0,-1,-5,0,0,0,1,0,0,Maccabi Ramat Gan,A,10,5,Amit Schaerf
16,Yotam Hanochi,*,32,4,0,14,50,8,1,9,2,1,1,1,0,4,0,0,8,-15,0,1,1,7,1,2,Maccabi Ramat Gan,A,10,5,Amit Schaerf
21,Netanel Artzi,*,23,3,25,0,50,2,2,4,1,1,4,3,1,0,0,0,3,6,1,4,0,2,1,2,Maccabi Ramat Gan,A,10,5,Amit Schaerf
22,Drew Crawford,,28,12,60,20,60,3,0,3,3,4,0,0,4,0,0,0,12,-14,3,5,1,5,3,5,Maccabi Ramat Gan,A,10,5,Amit Schaerf
31,Roee Oselka,,1,0,0,0,0,0,0,0,0,0,0,0,0,0,0,0,0,4,0,0,0,0,0,0,Maccabi Ramat Gan,A,10,5,Amit Schaerf
,Total,,200,65,43,24,63,26,11,37,19,22,8,14,15,6,1,2,70,0,16,37,6,25,15,24,Maccabi Ramat Gan,A,10,5,Amit Schaerf
,Team,,0,0,0,0,0,1,3,4,0,0,0,0,0,0,0,0,4,0,0,0,0,0,0,0,Maccabi Tel-Aviv,H,11,9,Amit Schaerf
3,Justin Smith,*,24,18,56,0,100,2,2,4,4,4,2,1,0,0,0,0,19,-8,5,9,0,0,8,8,Maccabi Tel-Aviv,H,11,9,Amit Schaerf
8,Shawn Dawson,,21,2,50,0,0,4,1,5,2,1,0,3,4,0,0,0,3,-9,1,2,0,3,0,0,Maccabi Tel-Aviv,H,11,9,Amit Schaerf
9,Hans Vanwijn,,21,3,0,50,0,2,1,3,2,0,1,0,1,0,0,0,4,-10,0,1,1,2,0,0,Maccabi Tel-Aviv,H,11,9,Amit Schaerf
11,C.J. Harris,*,31,17,33,67,60,0,0,0,3,6,0,1,5,0,0,0,18,-14,1,3,4,6,3,5,Maccabi Tel-Aviv,H,11,9,Amit Schaerf
16,Yotam Hanochi,*,24,11,44,25,0,2,5,7,3,1,1,1,3,0,0,0,10,3,4,9,1,4,0,1,Maccabi Tel-Aviv,H,11,9,Amit Schaerf
21,Netanel Artzi,*,26,10,80,0,100,3,0,3,4,2,3,1,1,0,0,1,7,3,4,5,0,6,2,2,Maccabi Tel-Aviv,H,11,9,Amit Schaerf
22,Drew Crawford,*,26,12,0,50,0,3,1,4,2,3,1,0,2,0,1,0,14,4,0,1,4,8,0,0,Maccabi Tel-Aviv,H,11,9,Amit Schaerf
44,Niv Misgav,,27,11,50,100,75,2,0,2,3,3,0,2,7,0,0,0,16,21,1,2,2,2,3,4,Maccabi Tel-Aviv,H,11,9,Amit Schaerf
,Total,,200,84,50,39,80,19,13,32,23,20,8,9,23,0,1,1,95,0,16,32,12,31,16,20,Maccabi Tel-Aviv,H,11,9,Amit Schaerf
,Team,,0,0,0,0,0,1,0,1,0,0,0,1,0,0,0,0,0,0,0,0,0,0,0,0,Be'er Sheva,H,3,2,Amit Schaerf
3,Justin Smith,*,22,10,57,0,50,4,1,5,3,3,3,1,0,3,0,2,15,20,4,7,0,0,2,4,Be'er Sheva,H,3,2,Amit Schaerf
8,Shawn Dawson,*,29,9,40,25,100,4,1,5,5,2,1,3,7,0,0,1,10,18,2,5,1,4,2,2,Be'er Sheva,H,3,2,Amit Schaerf
9,Hans Vanwijn,*,23,13,80,25,67,6,4,10,4,3,2,1,3,0,0,1,21,12,4,5,1,4,2,3,Be'er Sheva,H,3,2,Amit Schaerf
10,Amit Sanker,,1,0,0,0,0,0,0,0,0,0,0,0,1,0,0,0,0,3,0,0,0,1,0,0,Be'er Sheva,H,3,2,Amit Schaerf
11,C.J. Harris,,19,9,0,33,100,1,0,1,4,5,0,0,7,0,1,0,14,23,0,1,1,3,6,6,Be'er Sheva,H,3,2,Amit Schaerf
12,Shahar Amir,,17,7,100,33,100,1,0,1,3,1,1,0,0,0,0,0,5,-5,1,1,1,3,2,2,Be'er Sheva,H,3,2,Amit Schaerf
13,Nick Johnson,*,29,19,71,33,75,0,1,1,2,4,2,4,6,0,1,0,18,9,5,7,2,6,3,4,Be'er Sheva,H,3,2,Amit Schaerf
16,Yotam Hanochi,,27,11,75,25,100,6,2,8,1,1,1,2,2,0,1,0,15,3,3,4,1,4,2,2,Be'er Sheva,H,3,2,Amit Schaerf
21,Netanel Artzi,*,31,25,100,50,71,4,2,6,1,6,4,0,1,0,0,0,37,26,7,7,2,4,5,7,Be'er Sheva,H,3,2,Amit Schaerf
30,Ran Solomon,,1,0,0,0,0,0,0,0,1,0,0,0,0,0,0,0,-1,3,0,0,0,0,0,0,Be'er Sheva,H,3,2,Amit Schaerf
31,Roee Oselka,,1,0,0,0,0,0,0,0,0,0,0,0,0,0,0,0,0,3,0,0,0,0,0,0,Be'er Sheva,H,3,2,Amit Schaerf
,Total,,200,103,70,31,80,27,11,38,24,25,14,12,27,3,3,4,134,0,26,37,9,29,24,30,Be'er Sheva,H,3,2,Amit Schaerf
,Team,,0,0,0,0,0,1,0,1,1,0,0,0,0,0,0,0,0,0,0,0,0,0,0,0,Galil Elion,H,7,6,Amit Schaerf
2,Deondre Burns,*,25,5,100,0,50,2,1,3,3,1,1,2,6,1,0,0,10,-2,2,2,0,1,1,2,Galil Elion,H,7,6,Amit Schaerf
3,Justin Smith,*,29,16,70,0,67,7,2,9,3,2,2,3,1,1,0,2,21,14,7,10,0,0,2,3,Galil Elion,H,7,6,Amit Schaerf
5,Ariel Cohen,,1,0,0,0,0,0,0,0,0,0,0,0,0,0,0,0,0,0,0,0,0,0,0,0,Galil Elion,H,7,6,Amit Schaerf
8,Shawn Dawson,,23,13,44,33,50,4,2,6,4,5,0,4,6,0,0,2,13,6,4,9,1,3,2,4,Galil Elion,H,7,6,Amit Schaerf
9,Hans Vanwijn,,22,14,43,50,100,1,1,2,3,1,2,0,2,2,0,0,14,11,3,7,2,4,2,2,Galil Elion,H,7,6,Amit Schaerf
11,C.J. Harris,*,30,8,40,25,100,3,0,3,2,7,2,3,4,0,0,0,13,21,2,5,1,4,1,1,Galil Elion,H,7,6,Amit Schaerf
12,Shahar Amir,,18,8,50,67,0,5,0,5,3,0,0,0,0,1,0,0,9,1,1,2,2,3,0,0,Galil Elion,H,7,6,Amit Schaerf
16,Yotam Hanochi,*,20,8,50,0,100,3,1,4,4,2,1,0,0,0,0,1,8,-5,2,4,0,1,4,4,Galil Elion,H,7,6,Amit Schaerf
21,Netanel Artzi,*,30,12,100,40,0,1,0,1,2,0,3,0,5,1,0,0,17,16,3,3,2,5,0,0,Galil Elion,H,7,6,Amit Schaerf
23,Ben Altshuler,,1,0,0,0,0,0,0,0,0,0,0,1,0,0,0,0,-2,-2,0,0,0,1,0,0,Galil Elion,H,7,6,Amit Schaerf
30,Ran Solomon,,1,0,0,0,0,0,0,0,0,0,0,0,0,0,0,0,0,0,0,0,0,0,0,0,Galil Elion,H,7,6,Amit Schaerf
,Total,,200,84,57,36,75,27,7,34,25,18,11,13,24,6,0,5,103,0,24,42,8,22,12,16,Galil Elion,H,7,6,Amit Schaerf
,Team,,0,0,0,0,0,4,2,6,0,0,0,1,0,0,0,0,5,0,0,0,0,0,0,0,Hapoel Eilat,H,1,8,Amit Schaerf
2,Deondre Burns,,2,0,0,0,0,0,0,0,0,0,0,1,1,0,0,0,0,-5,0,0,0,0,0,0,Hapoel Eilat,H,1,8,Amit Schaerf
3,Justin Smith,*,29,21,64,0,100,6,1,7,2,4,1,4,3,0,1,3,24,22,9,14,0,0,3,3,Hapoel Eilat,H,1,8,Amit Schaerf
8,Shawn Dawson,,25,6,60,0,0,8,0,8,3,3,0,0,6,1,0,0,17,14,3,5,0,1,0,1,Hapoel Eilat,H,1,8,Amit Schaerf
10,Amit Sanker,,1,0,0,0,0,0,0,0,0,0,0,0,1,0,0,0,1,-2,0,0,0,0,0,0,Hapoel Eilat,H,1,8,Amit Schaerf
11,C.J. Harris,*,27,12,33,67,100,2,1,3,1,3,1,2,4,1,0,0,18,15,1,3,2,3,4,4,Hapoel Eilat,H,1,8,Amit Schaerf
12,Shahar Amir,,10,0,0,0,0,1,0,1,0,0,0,1,0,0,0,0,-2,-6,0,0,0,2,0,0,Hapoel Eilat,H,1,8,Amit Schaerf
16,Yotam Hanochi,*,29,14,70,0,0,4,2,6,2,1,1,1,1,0,1,0,12,8,7,10,0,4,0,0,Hapoel Eilat,H,1,8,Amit Schaerf
21,Netanel Artzi,,19,8,100,100,50,2,0,2,3,1,0,1,1,0,0,0,7,7,2,2,1,1,1,2,Hapoel Eilat,H,1,8,Amit Schaerf
22,Drew Crawford,*,27,12,0,67,0,1,1,2,3,1,1,1,2,1,1,0,11,15,0,1,4,6,0,0,Hapoel Eilat,H,1,8,Amit Schaerf
23,Ben Altshuler,,1,0,0,0,0,0,0,0,0,0,0,0,0,0,0,0,-1,-2,0,0,0,1,0,0,Hapoel Eilat,H,1,8,Amit Schaerf
31,Roee Oselka,,2,2,100,0,0,0,0,0,0,0,0,0,0,0,0,0,2,-3,1,1,0,0,0,0,Hapoel Eilat,H,1,8,Amit Schaerf
44,Niv Misgav,*,28,12,33,67,100,2,3,5,1,3,2,1,6,0,1,0,20,17,2,6,2,3,2,2,Hapoel Eilat,H,1,8,Amit Schaerf
,Total,,200,87,60,43,83,30,10,40,15,16,6,13,25,3,4,3,114,0,25,42,9,21,10,12,Hapoel Eilat,H,1,8,Amit Schaerf
,Team,,0,0,0,0,0,1,1,2,0,0,0,2,0,0,0,0,0,0,0,0,0,0,0,0,Hapoel Tel-Aviv,H,19,12,Amit Schaerf
2,Deondre Burns,,26,20,78,0,100,2,0,2,3,3,1,3,5,0,0,0,22,-2,7,9,0,1,6,6,Hapoel Tel-Aviv,H,19,12,Amit Schaerf
9,Hans Vanwijn,*,27,6,0,40,0,5,1,6,3,3,1,0,2,0,0,0,11,15,0,1,2,5,0,0,Hapoel Tel-Aviv,H,19,12,Amit Schaerf
12,Shahar Amir,,21,16,100,80,0,1,0,1,4,0,0,0,0,0,0,0,12,10,2,2,4,5,0,0,Hapoel Tel-Aviv,H,19,12,Amit Schaerf
15,Kevin Hervey,*,29,21,36,50,50,7,1,8,3,2,3,0,2,1,1,1,21,-2,4,11,4,8,1,2,Hapoel Tel-Aviv,H,19,12,Amit Schaerf
16,Yotam Hanochi,,22,10,100,0,100,3,2,5,2,3,1,1,1,1,0,1,16,6,4,4,0,2,2,2,Hapoel Tel-Aviv,H,19,12,Amit Schaerf
21,Netanel Artzi,*,22,6,50,50,100,2,0,2,3,0,0,1,2,0,1,0,3,-5,1,2,1,2,1,1,Hapoel Tel-Aviv,H,19,12,Amit Schaerf
22,Drew Crawford,*,28,7,50,20,0,5,1,6,3,1,0,0,2,0,1,0,5,14,2,4,1,5,0,1,Hapoel Tel-Aviv,H,19,12,Amit Schaerf
44,Niv Misgav,*,25,12,33,50,80,2,0,2,3,8,0,2,4,0,0,0,16,4,1,3,2,4,4,5,Hapoel Tel-Aviv,H,19,12,Amit Schaerf
,Total,,200,98,58,44,82,28,6,34,24,20,6,9,18,2,3,2,106,0,21,36,14,32,14,17,Hapoel Tel-Aviv,H,19,12,Amit Schaerf
,Team,,0,0,0,0,0,2,0,2,1,0,0,0,0,0,0,0,1,0,0,0,0,0,0,0,Hapoel Haifa,A,6,11,Amit Schaerf
2,Deondre Burns,*,23,7,20,50,100,2,1,3,2,2,0,2,5,0,2,0,6,0,1,5,1,2,2,2,Hapoel Haifa,A,6,11,Amit Schaerf
8,Shawn Dawson,,9,6,100,0,67,1,0,1,0,3,0,1,2,0,0,0,10,4,2,2,0,0,2,3,Hapoel Haifa,A,6,11,Amit Schaerf
9,Hans Vanwijn,,22,3,0,100,0,4,0,4,2,1,4,2,2,1,2,0,4,21,0,5,1,1,0,0,Hapoel Haifa,A,6,11,Amit Schaerf
10,Amit Sanker,,1,0,0,0,0,0,0,0,0,0,0,0,0,0,0,0,0,-3,0,0,0,0,0,0,Hapoel Haifa,A,6,11,Amit Schaerf
12,Shahar Amir,,19,8,100,50,0,1,1,2,3,0,0,1,0,1,0,0,5,22,1,1,2,4,0,0,Hapoel Haifa,A,6,11,Amit Schaerf
15,Kevin Hervey,*,28,22,67,67,100,4,0,4,1,2,1,2,2,0,0,2,24,5,4,6,4,6,2,2,Hapoel Haifa,A,6,11,Amit Schaerf
16,Yotam Hanochi,*,20,5,100,33,0,2,1,3,1,1,0,0,2,0,0,0,8,-11,1,1,1,3,0,0,Hapoel Haifa,A,6,11,Amit Schaerf
21,Netanel Artzi,,24,14,60,67,67,4,2,6,2,4,1,1,3,0,0,0,21,3,3,5,2,3,2,3,Hapoel Haifa,A,6,11,Amit Schaerf
22,Drew Crawford,*,28,19,50,57,100,2,0,2,4,3,1,0,2,0,0,0,18,16,2,4,4,7,3,3,Hapoel Haifa,A,6,11,Amit Schaerf
23,Ben Altshuler,,1,0,0,0,0,0,0,0,0,0,0,0,0,0,1,0,-2,-3,0,1,0,0,0,0,Hapoel Haifa,A,6,11,Amit Schaerf
31,Roee Oselka,,1,0,0,0,0,0,0,0,1,0,0,1,0,0,0,0,-2,-3,0,0,0,0,0,0,Hapoel Haifa,A,6,11,Amit Schaerf
44,Niv Misgav,*,24,0,0,0,0,0,0,0,3,0,3,5,6,0,0,0,-3,14,0,2,0,2,0,0,Hapoel Haifa,A,6,11,Amit Schaerf
,Total,,200,84,44,54,85,22,5,27,20,16,10,15,24,2,5,2,90,0,14,32,15,28,11,13,Hapoel Haifa,A,6,11,Amit Schaerf
,Team,,0,0,0,0,0,2,1,3,0,0,0,1,0,0,0,0,2,0,0,0,0,0,0,0,Bnei Herzeliya,A,4,10,Amit Schaerf
2,Deondre Burns,,17,5,33,33,0,0,0,0,4,0,0,1,1,0,0,0,-3,6,1,3,1,3,0,0,Bnei Herzeliya,A,4,10,Amit Schaerf
8,Shawn Dawson,,16,6,100,0,0,3,0,3,2,1,1,1,4,0,0,0,10,-14,3,3,0,2,0,0,Bnei Herzeliya,A,4,10,Amit Schaerf
9,Hans Vanwijn,,15,3,0,0,75,3,1,4,2,3,0,0,1,0,0,0,5,5,0,1,0,2,3,4,Bnei Herzeliya,A,4,10,Amit Schaerf
12,Shahar Amir,,7,0,0,0,0,0,0,0,1,0,0,0,0,0,0,0,-1,-5,0,0,0,0,0,0,Bnei Herzeliya,A,4,10,Amit Schaerf
15,Kevin Hervey,*,35,21,71,33,83,8,0,8,3,4,2,4,1,0,0,0,22,-9,5,7,2,6,5,6,Bnei Herzeliya,A,4,10,Amit Schaerf
16,Yotam Hanochi,*,25,14,64,0,0,3,1,4,2,1,0,0,1,0,1,0,10,0,7,11,0,2,0,1,Bnei Herzeliya,A,4,10,Amit Schaerf
21,Netanel Artzi,*,27,8,50,50,75,6,0,6,4,2,1,3,0,0,0,0,7,6,1,2,1,2,3,4,Bnei Herzeliya,A,4,10,Amit Schaerf
22,Drew Crawford,*,25,6,100,25,50,5,0,5,4,2,1,1,0,0,0,0,5,-4,1,1,1,4,1,2,Bnei Herzeliya,A,4,10,Amit Schaerf
44,Niv Misgav,*,33,9,75,25,0,3,0,3,4,4,1,3,10,0,1,0,14,0,3,4,1,4,0,1,Bnei Herzeliya,A,4,10,Amit Schaerf
,Total,,200,72,66,24,67,33,3,36,26,17,6,14,18,0,2,0,71,0,21,32,6,25,12,18,Bnei Herzeliya,A,4,10,Amit Schaerf
,Team,,0,0,0,0,0,4,2,6,0,0,0,0,0,0,0,0,6,0,0,0,0,0,0,0,Hapoel Jerusalem,A,2,13,Amit Schaerf
2,Deondre Burns,,17,6,50,0,0,2,0,2,0,1,2,3,1,0,0,0,5,-3,3,6,0,1,0,0,Hapoel Jerusalem,A,2,13,Amit Schaerf
9,Hans Vanwijn,,28,2,0,0,100,3,0,3,2,1,0,1,2,0,0,0,3,3,0,0,0,2,2,2,Hapoel Jerusalem,A,2,13,Amit Schaerf
12,Shahar Amir,,15,2,50,0,0,0,1,1,5,0,1,2,1,0,0,0,-5,-3,1,2,0,2,0,0,Hapoel Jerusalem,A,2,13,Amit Schaerf
15,Kevin Hervey,*,35,26,62,44,44,7,0,7,1,7,3,2,1,1,1,0,28,7,5,8,4,9,4,9,Hapoel Jerusalem,A,2,13,Amit Schaerf
16,Yotam Hanochi,*,16,6,17,50,50,2,2,4,4,1,0,0,0,1,1,0,0,-12,1,6,1,2,1,2,Hapoel Jerusalem,A,2,13,Amit Schaerf
21,Netanel Artzi,*,29,11,100,0,100,4,1,5,1,3,1,1,2,0,1,1,17,-2,5,5,0,2,1,1,Hapoel Jerusalem,A,2,13,Amit Schaerf
22,Drew Crawford,*,29,14,100,67,80,4,0,4,5,3,1,3,1,1,0,0,14,8,2,2,2,3,4,5,Hapoel Jerusalem,A,2,13,Amit Schaerf
44,Niv Misgav,*,31,6,50,0,100,1,0,1,2,4,1,2,4,1,0,0,9,7,2,4,0,2,2,2,Hapoel Jerusalem,A,2,13,Amit Schaerf
,Total,,200,73,58,30,67,27,6,33,20,20,9,14,12,4,3,1,77,0,19,33,7,23,14,21,Hapoel Jerusalem,A,2,13,Amit Schaerf
,Team,,0,0,0,0,0,2,2,4,0,0,0,0,0,0,0,0,4,0,0,0,0,0,0,0,Ness Ziona,H,12,15,Amit Schaerf
6,Tahjere McCall,,28,17,45,0,88,3,2,5,1,7,0,1,2,2,1,0,23,9,5,11,0,0,7,8,Ness Ziona,H,12,15,Amit Schaerf
9,Hans Vanwijn,*,25,5,50,0,50,4,2,6,2,3,0,1,5,0,0,1,10,2,2,4,0,3,1,2,Ness Ziona,H,12,15,Amit Schaerf
12,Shahar Amir,*,28,10,67,67,0,4,0,4,4,0,0,0,1,0,0,0,9,5,2,3,2,3,0,0,Ness Ziona,H,12,15,Amit Schaerf
15,Kevin Hervey,*,29,5,29,0,50,1,0,1,0,2,1,2,1,1,0,0,-2,-1,2,7,0,5,1,2,Ness Ziona,H,12,15,Amit Schaerf
16,Yotam Hanochi,,27,14,50,50,67,7,0,7,3,5,0,3,2,0,1,0,15,13,3,6,2,4,2,3,Ness Ziona,H,12,15,Amit Schaerf
22,Drew Crawford,*,32,14,50,67,0,4,0,4,4,2,1,0,1,0,1,0,14,10,1,2,4,6,0,0,Ness Ziona,H,12,15,Amit Schaerf
44,Niv Misgav,*,31,16,0,83,50,4,2,6,2,3,1,0,7,0,0,0,27,2,0,2,5,6,1,2,Ness Ziona,H,12,15,Amit Schaerf
,Total,,200,81,43,48,71,29,8,37,16,22,3,7,19,3,3,1,100,0,15,35,13,27,12,17,Ness Ziona,H,12,15,Amit Schaerf
,Team,,0,0,0,0,0,1,2,3,0,0,0,1,0,0,0,0,2,0,0,0,0,0,0,0,Hapoel Tel-Aviv,A,8,14,Amit Schaerf
2,Deondre Burns,,13,2,50,0,0,0,0,0,3,1,1,3,0,0,0,0,-4,-11,1,2,0,0,0,1,Hapoel Tel-Aviv,A,8,14,Amit Schaerf
6,Tahjere McCall,*,24,15,62,50,50,1,2,3,5,3,0,2,1,1,0,0,10,1,5,8,1,2,2,4,Hapoel Tel-Aviv,A,8,14,Amit Schaerf
9,Hans Vanwijn,*,29,14,50,50,100,4,2,6,5,2,1,2,4,1,0,0,16,-17,3,6,2,4,2,2,Hapoel Tel-Aviv,A,8,14,Amit Schaerf
12,Shahar Amir,,19,8,67,33,100,1,0,1,3,2,1,4,0,0,0,1,2,-8,2,3,1,3,1,1,Hapoel Tel-Aviv,A,8,14,Amit Schaerf
15,Kevin Hervey,*,28,12,17,43,50,8,2,10,0,2,2,2,1,0,0,0,15,-10,1,6,3,7,1,2,Hapoel Tel-Aviv,A,8,14,Amit Schaerf
16,Yotam Hanochi,,26,15,100,0,100,5,1,6,1,4,2,1,2,0,0,0,25,3,4,4,0,2,7,7,Hapoel Tel-Aviv,A,8,14,Amit Schaerf
21,Netanel Artzi,*,33,7,50,0,50,5,3,8,5,2,1,3,1,0,0,1,5,-9,3,6,0,2,1,2,Hapoel Tel-Aviv,A,8,14,Amit Schaerf
31,Roee Oselka,,1,0,0,0,0,0,0,0,0,0,0,0,0,0,0,0,0,-3,0,0,0,0,0,0,Hapoel Tel-Aviv,A,8,14,Amit Schaerf
44,Niv Misgav,*,27,5,50,50,0,1,0,1,3,4,0,1,9,0,1,0,12,-6,1,2,1,2,0,0,Hapoel Tel-Aviv,A,8,14,Amit Schaerf
,Total,,200,78,54,36,74,26,12,38,25,20,8,19,18,2,1,2,83,0,20,37,8,22,14,19,Hapoel Tel-Aviv,A,8,14,Amit Schaerf
,Team,,0,0,0,0,0,1,2,3,0,0,0,1,0,0,0,0,2,0,0,0,0,0,0,0,Hapoel Afula,A,20,16,Amit Schaerf
2,Deondre Burns,,11,0,0,0,0,0,0,0,2,1,0,1,0,0,1,0,-6,-13,0,2,0,1,0,0,Hapoel Afula,A,20,16,Amit Schaerf
3,Justin Smith,*,21,14,50,0,67,5,0,5,3,2,3,4,2,0,0,2,12,-1,6,12,0,0,2,3,Hapoel Afula,A,20,16,Amit Schaerf
6,Tahjere McCall,*,29,13,33,33,75,3,0,3,3,8,2,1,6,1,1,0,19,6,2,6,2,6,3,4,Hapoel Afula,A,20,16,Amit Schaerf
9,Hans Vanwijn,*,31,7,33,100,50,7,1,8,3,3,1,1,2,0,0,0,13,-2,1,3,1,1,2,4,Hapoel Afula,A,20,16,Amit Schaerf
12,Shahar Amir,*,27,10,67,50,0,2,1,3,5,0,1,1,2,0,0,0,7,-14,2,3,2,4,0,0,Hapoel Afula,A,20,16,Amit Schaerf
16,Yotam Hanochi,,20,4,40,0,0,1,1,2,2,0,0,1,2,0,0,0,-1,-20,2,5,0,3,0,0,Hapoel Afula,A,20,16,Amit Schaerf
21,Netanel Artzi,*,30,10,45,0,0,7,3,10,2,0,0,2,3,0,0,0,10,-2,5,11,0,3,0,0,Hapoel Afula,A,20,16,Amit Schaerf
44,Niv Misgav,,31,2,100,0,0,3,2,5,1,7,0,5,7,0,0,0,11,-14,1,1,0,4,0,0,Hapoel Afula,A,20,16,Amit Schaerf
,Total,,200,60,44,23,64,29,10,39,21,21,7,17,24,1,2,2,67,0,19,43,5,22,7,11,Hapoel Afula,A,20,16,Amit Schaerf
,Team,,0,0,0,0,0,3,1,4,0,0,0,0,0,0,0,0,4,0,0,0,0,0,0,0,Kiryat Ata,H,21,17,Amit Schaerf
3,Justin Smith,*,33,22,79,0,0,5,0,5,2,3,2,3,0,2,0,4,23,17,11,14,0,0,0,3,Kiryat Ata,H,21,17,Amit Schaerf
12,Shahar Amir,,26,19,100,62,0,3,1,4,3,2,0,2,2,0,0,0,19,-8,2,2,5,8,0,0,Kiryat Ata,H,21,17,Amit Schaerf
15,Kevin Hervey,*,26,4,0,0,100,3,0,3,3,4,0,0,2,3,0,0,8,-4,0,1,0,4,4,4,Kiryat Ata,H,21,17,Amit Schaerf
16,Yotam Hanochi,,23,3,0,33,0,2,0,2,2,0,1,0,0,2,0,0,1,-9,0,3,1,3,0,0,Kiryat Ata,H,21,17,Amit Schaerf
21,Netanel Artzi,*,29,16,80,40,40,3,1,4,3,3,3,3,5,0,0,0,18,21,4,5,2,5,2,5,Kiryat Ata,H,21,17,Amit Schaerf
22,Drew Crawford,*,33,14,67,50,60,4,2,6,3,6,1,1,4,0,0,1,22,8,4,6,1,2,3,5,Kiryat Ata,H,21,17,Amit Schaerf
23,Ben Altshuler,,2,0,0,0,0,0,0,0,1,0,0,0,1,0,0,0,-1,-1,0,0,0,1,0,0,Kiryat Ata,H,21,17,Amit Schaerf
44,Niv Misgav,*,28,10,0,43,50,2,0,2,4,2,3,2,11,0,0,0,15,6,0,2,3,7,1,2,Kiryat Ata,H,21,17,Amit Schaerf
,Total,,200,88,64,40,53,25,5,30,21,20,10,11,25,7,0,5,109,0,21,33,12,30,10,19,Kiryat Ata,H,21,17,Amit Schaerf
,Team,,0,0,0,0,0,0,0,0,0,0,0,0,0,0,0,0,0,0,0,0,0,0,0,0,Ness Ziona,A,22,18,Amit Schaerf
8,Shawn Dawson,,20,9,60,33,0,4,1,5,4,0,1,2,3,0,0,0,8,15,3,5,1,3,0,0,Ness Ziona,A,22,18,Amit Schaerf
9,Hans Vanwijn,*,19,9,50,33,100,2,0,2,3,2,0,0,2,0,1,0,7,-13,2,4,1,3,2,2,Ness Ziona,A,22,18,Amit Schaerf
11,C.J. Harris,*,28,14,67,100,60,1,1,2,1,7,1,3,5,0,0,0,21,-6,4,6,1,1,3,5,Ness Ziona,A,22,18,Amit Schaerf
12,Shahar Amir,,18,0,0,0,0,2,0,2,2,0,1,1,0,0,0,0,-2,3,0,0,0,2,0,0,Ness Ziona,A,22,18,Amit Schaerf
15,Kevin Hervey,*,25,13,40,50,0,5,1,6,4,2,5,3,1,1,0,0,15,3,2,5,3,6,0,0,Ness Ziona,A,22,18,Amit Schaerf
21,Netanel Artzi,*,31,15,58,0,50,5,4,9,4,4,1,1,1,0,0,2,18,6,7,12,0,1,1,2,Ness Ziona,A,22,18,Amit Schaerf
22,Drew Crawford,,30,9,100,25,0,5,0,5,2,3,2,2,0,0,0,0,10,-1,3,3,1,4,0,2,Ness Ziona,A,22,18,Amit Schaerf
31,Roee Oselka,,2,1,0,0,50,0,0,0,1,1,0,0,0,0,0,0,0,3,0,0,0,0,1,2,Ness Ziona,A,22,18,Amit Schaerf
44,Niv Misgav,*,27,6,0,20,100,3,1,4,2,4,0,2,7,0,0,0,12,0,0,1,1,5,3,3,Ness Ziona,A,22,18,Amit Schaerf
,Total,,200,76,58,32,63,27,8,35,23,23,11,14,19,1,1,2,89,0,21,36,8,25,10,16,Ness Ziona,A,22,18,Amit Schaerf
,Team,,0,0,0,0,0,4,0,4,0,0,0,0,0,0,0,0,4,0,0,0,0,0,0,0,Maccabi Ramat Gan,H,18,20,Amit Schaerf
3,Justin Smith,*,35,13,45,0,75,4,4,8,3,3,2,4,0,2,3,3,11,2,5,11,0,0,3,4,Maccabi Ramat Gan,H,18,20,Amit Schaerf
8,Shawn Dawson,,12,5,67,0,50,0,0,0,1,3,0,0,0,0,0,0,4,-21,2,3,0,1,1,2,Maccabi Ramat Gan,H,18,20,Amit Schaerf
9,Hans Vanwijn,*,21,0,0,0,0,5,0,5,2,1,1,1,0,0,0,0,0,4,0,0,0,4,0,0,Maccabi Ramat Gan,H,18,20,Amit Schaerf
11,C.J. Harris,,23,18,80,33,100,1,0,1,2,4,0,2,5,0,0,0,19,-10,4,5,2,6,4,4,Maccabi Ramat Gan,H,18,20,Amit Schaerf
12,Shahar Amir,,7,0,0,0,0,1,0,1,0,0,0,0,0,0,0,0,0,-12,0,0,0,1,0,0,Maccabi Ramat Gan,H,18,20,Amit Schaerf
16,Yotam Hanochi,,6,0,0,0,0,0,0,0,3,0,0,0,0,0,0,0,-4,-6,0,0,0,1,0,0,Maccabi Ramat Gan,H,18,20,Amit Schaerf
21,Netanel Artzi,*,33,13,67,38,0,4,0,4,4,1,1,1,2,0,0,0,10,12,2,3,3,8,0,0,Maccabi Ramat Gan,H,18,20,Amit Schaerf
22,Drew Crawford,*,31,17,50,62,0,4,1,5,4,0,0,1,2,0,0,0,15,14,1,2,5,8,0,0,Maccabi Ramat Gan,H,18,20,Amit Schaerf
44,Niv Misgav,*,32,8,25,50,0,4,1,5,4,6,1,5,8,0,0,0,14,12,1,4,2,4,0,0,Maccabi Ramat Gan,H,18,20,Amit Schaerf
,Total,,200,74,54,36,80,27,6,33,23,18,5,14,17,2,3,3,73,0,15,28,12,33,8,10,Maccabi Ramat Gan,H,18,20,Amit Schaerf
,Team,,0,0,0,0,0,1,2,3,1,0,0,0,0,0,0,0,2,0,0,0,0,0,0,0,Maccabi Tel-Aviv,A,24,21,Amit Schaerf
3,Justin Smith,*,31,20,64,0,50,7,3,10,3,2,1,0,1,0,0,2,24,-7,9,14,0,0,2,4,Maccabi Tel-Aviv,A,24,21,Amit Schaerf
6,Tahjere McCall,,18,5,29,0,100,1,0,1,1,2,1,3,2,0,0,0,0,13,2,7,0,2,1,1,Maccabi Tel-Aviv,A,24,21,Amit Schaerf
8,Shawn Dawson,,24,6,60,0,0,7,1,8,3,2,2,0,3,0,0,0,14,5,3,5,0,2,0,0,Maccabi Tel-Aviv,A,24,21,Amit Schaerf
11,C.J. Harris,*,25,5,0,50,100,1,1,2,3,3,1,3,4,0,0,0,6,-22,0,2,1,2,2,2,Maccabi Tel-Aviv,A,24,21,Amit Schaerf
12,Shahar Amir,,4,3,0,100,0,1,0,1,1,0,0,0,0,0,0,0,3,-2,0,0,1,1,0,0,Maccabi Tel-Aviv,A,24,21,Amit Schaerf
15,Kevin Hervey,*,32,17,50,40,100,1,1,2,3,1,1,0,2,2,0,0,14,-18,2,4,4,10,1,1,Maccabi Tel-Aviv,A,24,21,Amit Schaerf
16,Yotam Hanochi,,18,12,75,50,0,1,0,1,4,0,0,1,0,0,0,0,5,4,3,4,2,4,0,0,Maccabi Tel-Aviv,A,24,21,Amit Schaerf
21,Netanel Artzi,*,19,6,100,0,0,0,2,2,1,1,0,2,3,0,0,0,5,-12,3,3,0,2,0,2,Maccabi Tel-Aviv,A,24,21,Amit Schaerf
44,Niv Misgav,*,29,8,67,20,100,1,1,2,2,4,2,2,10,0,0,0,17,-6,2,3,1,5,1,1,Maccabi Tel-Aviv,A,24,21,Amit Schaerf
,Total,,200,82,57,32,64,21,11,32,22,15,8,11,25,2,0,2,90,0,24,42,9,28,7,11,Maccabi Tel-Aviv,A,24,21,Amit Schaerf
,Team,,0,0,0,0,0,3,0,3,0,0,0,0,0,0,0,0,3,0,0,0,0,0,0,0,Galil Elion,A,15,19,Amit Schaerf
3,Justin Smith,*,24,15,33,0,58,1,3,4,4,8,1,0,1,1,0,1,13,19,4,12,0,0,7,12,Galil Elion,A,15,19,Amit Schaerf
6,Tahjere McCall,,21,11,57,33,0,4,1,5,2,0,4,3,4,1,0,0,15,20,4,7,1,3,0,0,Galil Elion,A,15,19,Amit Schaerf
8,Shawn Dawson,,22,14,71,50,50,3,0,3,1,3,2,2,5,1,0,0,21,10,5,7,1,2,1,2,Galil Elion,A,15,19,Amit Schaerf
9,Hans Vanwijn,*,29,9,0,60,0,4,3,7,3,1,0,2,1,1,0,0,11,13,0,1,3,5,0,0,Galil Elion,A,15,19,Amit Schaerf
11,C.J. Harris,*,19,5,100,25,0,1,0,1,1,0,1,0,5,1,0,0,9,6,1,1,1,4,0,0,Galil Elion,A,15,19,Amit Schaerf
12,Shahar Amir,,20,12,100,100,0,2,1,3,3,2,1,0,0,1,0,0,14,8,3,3,2,2,0,2,Galil Elion,A,15,19,Amit Schaerf
16,Yotam Hanochi,,20,8,50,50,0,5,1,6,1,1,1,1,1,0,0,0,12,18,1,2,2,4,0,0,Galil Elion,A,15,19,Amit Schaerf
21,Netanel Artzi,*,21,10,100,0,0,2,1,3,1,1,1,1,2,0,0,0,13,3,5,5,0,2,0,0,Galil Elion,A,15,19,Amit Schaerf
23,Ben Altshuler,,3,0,0,0,0,0,0,0,2,0,0,2,0,0,0,0,-4,0,0,0,0,0,0,0,Galil Elion,A,15,19,Amit Schaerf
30,Ran Solomon,,1,2,100,0,0,0,0,0,0,0,0,0,0,0,1,0,0,-2,1,1,0,1,0,0,Galil Elion,A,15,19,Amit Schaerf
31,Roee Oselka,,1,0,0,0,0,0,0,0,0,0,0,0,0,0,0,0,0,0,0,0,0,0,0,0,Galil Elion,A,15,19,Amit Schaerf
44,Niv Misgav,*,19,6,100,33,50,3,0,3,2,3,0,2,5,0,0,0,10,10,1,1,1,3,1,2,Galil Elion,A,15,19,Amit Schaerf
,Total,,200,92,63,42,50,28,10,38,20,19,11,13,24,6,1,1,117,0,25,40,11,26,9,18,Galil Elion,A,15,19,Amit Schaerf
,Team,,0,0,0,0,0,2,2,4,0,0,0,0,0,0,0,0,4,0,0,0,0,0,0,0,Hapoel Jerusalem,H,25,22,Amit Schaerf
3,Justin Smith,*,27,14,70,0,0,2,1,3,2,2,3,2,0,0,1,3,13,-13,7,10,0,0,0,1,Hapoel Jerusalem,H,25,22,Amit Schaerf
6,Tahjere McCall,,29,17,44,25,86,2,3,5,5,8,2,1,4,0,0,0,21,6,4,9,1,4,6,7,Hapoel Jerusalem,H,25,22,Amit Schaerf
8,Shawn Dawson,,13,5,67,0,100,1,0,1,3,1,0,0,1,0,0,0,2,1,2,3,0,2,1,1,Hapoel Jerusalem,H,25,22,Amit Schaerf
12,Shahar Amir,,8,0,0,0,0,0,1,1,3,1,0,0,0,0,1,0,-5,1,0,1,0,2,0,0,Hapoel Jerusalem,H,25,22,Amit Schaerf
15,Kevin Hervey,*,23,12,100,60,100,2,0,2,1,0,1,4,1,0,0,0,9,-16,1,1,3,5,1,1,Hapoel Jerusalem,H,25,22,Amit Schaerf
16,Yotam Hanochi,,19,6,67,0,100,0,1,1,1,1,0,1,0,0,0,0,2,11,2,3,0,3,2,2,Hapoel Jerusalem,H,25,22,Amit Schaerf
21,Netanel Artzi,*,25,11,40,40,25,3,2,5,1,3,2,0,1,0,0,0,12,-14,2,5,2,5,1,4,Hapoel Jerusalem,H,25,22,Amit Schaerf
22,Drew Crawford,*,26,11,67,25,0,5,1,6,2,2,1,1,2,0,0,2,14,-5,4,6,1,4,0,0,Hapoel Jerusalem,H,25,22,Amit Schaerf
44,Niv Misgav,*,30,13,100,75,100,2,1,3,2,2,3,6,12,0,0,0,24,-6,1,1,3,4,2,2,Hapoel Jerusalem,H,25,22,Amit Schaerf
,Total,,200,89,59,34,72,19,12,31,20,20,12,15,21,0,2,5,96,0,23,39,10,29,13,18,Hapoel Jerusalem,H,25,22,Amit Schaerf
,Team,,0,0,0,0,0,1,0,1,0,0,0,0,0,0,0,0,1,0,0,0,0,0,0,0,Be'er Sheva,A,17,23,Amit Schaerf
3,Justin Smith,*,27,13,55,0,50,8,3,11,5,2,1,2,1,0,2,2,13,15,6,11,0,0,1,2,Be'er Sheva,A,17,23,Amit Schaerf
6,Tahjere McCall,*,28,13,67,67,50,5,0,5,5,5,5,5,4,0,0,0,17,5,2,3,2,3,3,6,Be'er Sheva,A,17,23,Amit Schaerf
11,C.J. Harris,,28,16,50,50,100,2,0,2,0,2,0,2,5,0,0,1,18,25,1,2,4,8,2,2,Be'er Sheva,A,17,23,Amit Schaerf
12,Shahar Amir,,22,11,50,60,0,3,2,5,2,0,0,0,3,0,0,0,14,10,1,2,3,5,0,0,Be'er Sheva,A,17,23,Amit Schaerf
16,Yotam Hanochi,*,27,15,50,75,0,5,0,5,4,0,0,2,3,1,0,0,14,-2,3,6,3,4,0,0,Be'er Sheva,A,17,23,Amit Schaerf
21,Netanel Artzi,*,40,15,0,57,75,7,0,7,3,4,2,1,4,0,1,0,22,17,0,1,4,7,3,4,Be'er Sheva,A,17,23,Amit Schaerf
23,Ben Altshuler,,1,0,0,0,0,0,0,0,0,0,0,0,0,0,0,0,0,-3,0,0,0,0,0,0,Be'er Sheva,A,17,23,Amit Schaerf
44,Niv Misgav,*,27,11,20,100,0,1,0,1,2,2,0,1,5,0,0,0,12,8,1,5,3,3,0,0,Be'er Sheva,A,17,23,Amit Schaerf
,Total,,200,94,47,63,64,32,5,37,21,15,8,13,25,1,3,3,111,0,14,30,19,30,9,14,Be'er Sheva,A,17,23,Amit Schaerf
,Team,,0,0,0,0,0,4,1,5,0,0,0,0,0,0,0,0,5,0,0,0,0,0,0,0,Maccabi Tel-Aviv,H,31,25,Amit Schaerf
3,Justin Smith,*,30,17,86,0,83,3,1,4,3,6,2,0,0,1,0,3,25,1,6,7,0,0,5,6,Maccabi Tel-Aviv,H,31,25,Amit Schaerf
6,Tahjere McCall,*,33,23,78,60,0,5,1,6,3,7,4,5,5,0,0,1,32,14,7,9,3,5,0,1,Maccabi Tel-Aviv,H,31,25,Amit Schaerf
8,Shawn Dawson,,19,2,50,0,0,0,0,0,1,0,0,0,3,0,0,0,2,13,1,2,0,1,0,0,Maccabi Tel-Aviv,H,31,25,Amit Schaerf
11,C.J. Harris,,21,10,40,0,100,4,0,4,0,4,1,2,4,0,0,0,15,-9,2,5,0,3,6,6,Maccabi Tel-Aviv,H,31,25,Amit Schaerf
12,Shahar Amir,,9,0,0,0,0,2,0,2,3,0,0,0,1,0,0,0,-1,7,0,0,0,1,0,0,Maccabi Tel-Aviv,H,31,25,Amit Schaerf
15,Kevin Hervey,,18,10,50,40,0,3,1,4,1,0,0,2,0,0,0,0,6,1,2,4,2,5,0,0,Maccabi Tel-Aviv,H,31,25,Amit Schaerf
16,Yotam Hanochi,*,23,2,33,0,0,2,1,3,3,1,0,0,0,1,0,0,1,4,1,3,0,1,0,0,Maccabi Tel-Aviv,H,31,25,Amit Schaerf
21,Netanel Artzi,*,22,4,67,0,0,1,0,1,3,0,0,0,2,1,1,0,0,5,2,3,0,3,0,0,Maccabi Tel-Aviv,H,31,25,Amit Schaerf
44,Niv Misgav,*,25,14,25,80,0,4,2,6,3,1,1,4,0,0,0,0,11,-6,1,4,4,5,0,0,Maccabi Tel-Aviv,H,31,25,Amit Schaerf
,Total,,200,82,59,38,85,28,7,35,20,19,8,13,15,3,1,4,96,0,22,37,9,24,11,13,Maccabi Tel-Aviv,H,31,25,Amit Schaerf
,Team,,0,0,0,0,0,2,1,3,0,0,0,1,0,0,0,0,2,0,0,0,0,0,0,0,Maccabi Ramat Gan,A,28,27,Amit Schaerf
3,Justin Smith,*,31,21,71,0,33,1,6,7,3,4,0,1,1,1,1,3,23,2,10,14,0,0,1,3,Maccabi Ramat Gan,A,28,27,Amit Schaerf
6,Tahjere McCall,*,31,8,50,0,100,4,2,6,2,7,2,3,12,0,0,0,27,5,2,4,0,1,4,4,Maccabi Ramat Gan,A,28,27,Amit Schaerf
8,Shawn Dawson,,7,2,100,0,0,1,0,1,1,0,0,1,0,0,0,0,1,-6,1,1,0,0,0,0,Maccabi Ramat Gan,A,28,27,Amit Schaerf
11,C.J. Harris,,21,4,0,33,50,3,1,4,3,1,0,0,3,3,0,0,8,-6,0,1,1,3,1,2,Maccabi Ramat Gan,A,28,27,Amit Schaerf
12,Shahar Amir,,16,10,33,33,100,0,0,0,2,1,1,0,1,0,0,0,5,4,1,3,2,6,2,2,Maccabi Ramat Gan,A,28,27,Amit Schaerf
16,Yotam Hanochi,,22,8,50,0,0,3,2,5,1,1,1,1,1,0,0,1,7,14,4,8,0,3,0,0,Maccabi Ramat Gan,A,28,27,Amit Schaerf
21,Netanel Artzi,*,21,7,50,50,0,6,1,7,5,0,1,1,3,0,1,0,8,-5,2,4,1,2,0,0,Maccabi Ramat Gan,A,28,27,Amit Schaerf
22,Drew Crawford,*,24,11,50,40,75,3,0,3,4,2,0,3,0,0,1,0,3,-8,1,2,2,5,3,4,Maccabi Ramat Gan,A,28,27,Amit Schaerf
44,Niv Misgav,*,27,13,20,43,100,1,0,1,3,2,2,4,3,0,0,0,6,5,1,5,3,7,2,2,Maccabi Ramat Gan,A,28,27,Amit Schaerf
,Total,,200,84,52,33,76,24,13,37,24,18,7,15,24,4,3,4,90,0,22,42,9,27,13,17,Maccabi Ramat Gan,A,28,27,Amit Schaerf
,Team,,0,0,0,0,0,1,1,2,0,0,0,0,0,0,0,0,2,0,0,0,0,0,0,0,Kiryat Ata,H,30,28,Amit Schaerf
3,Justin Smith,*,24,13,40,0,62,2,3,5,3,5,0,1,1,0,0,2,11,6,4,10,0,0,5,8,Kiryat Ata,H,30,28,Amit Schaerf
6,Tahjere McCall,*,21,18,55,25,100,2,0,2,5,3,0,3,2,0,2,0,7,0,6,11,1,4,3,3,Kiryat Ata,H,30,28,Amit Schaerf
8,Shawn Dawson,,16,3,0,0,50,4,0,4,4,5,1,1,1,0,0,0,5,0,0,1,0,0,3,6,Kiryat Ata,H,30,28,Amit Schaerf
12,Shahar Amir,,24,14,0,57,100,3,0,3,4,1,0,1,1,1,1,0,10,9,0,1,4,7,2,2,Kiryat Ata,H,30,28,Amit Schaerf
15,Kevin Hervey,,16,10,25,50,100,2,1,3,0,1,0,1,2,1,0,0,11,-1,1,4,2,4,2,2,Kiryat Ata,H,30,28,Amit Schaerf
16,Yotam Hanochi,,19,4,33,0,100,4,2,6,1,1,1,0,3,0,0,0,11,2,1,3,0,1,2,2,Kiryat Ata,H,30,28,Amit Schaerf
21,Netanel Artzi,*,24,11,50,75,0,5,2,7,1,0,2,1,1,0,0,0,17,3,1,2,3,4,0,0,Kiryat Ata,H,30,28,Amit Schaerf
22,Drew Crawford,*,25,10,67,33,0,2,1,3,0,0,2,2,2,1,0,1,11,3,2,3,2,6,0,0,Kiryat Ata,H,30,28,Amit Schaerf
44,Niv Misgav,*,31,7,33,25,67,1,0,1,2,2,0,2,9,0,0,0,9,3,1,3,1,4,2,3,Kiryat Ata,H,30,28,Amit Schaerf
,Total,,200,90,42,43,73,26,10,36,20,18,6,12,22,3,3,3,94,0,16,38,13,30,19,26,Kiryat Ata,H,30,28,Amit Schaerf
,Team,,0,0,0,0,0,3,0,3,0,0,0,1,0,0,0,0,2,0,0,0,0,0,0,0,Hapoel Eilat,A,26,24,Amit Schaerf
6,Tahjere McCall,*,22,10,75,33,50,4,0,4,3,4,0,3,0,0,0,0,8,-19,3,4,1,3,1,2,Hapoel Eilat,A,26,24,Amit Schaerf
8,Shawn Dawson,,17,2,33,0,0,4,0,4,3,1,0,0,2,0,0,0,3,6,1,3,0,1,0,0,Hapoel Eilat,A,26,24,Amit Schaerf
9,Hans Vanwijn,,22,10,20,100,100,2,3,5,3,3,0,0,2,0,1,0,12,6,1,5,2,2,2,2,Hapoel Eilat,A,26,24,Amit Schaerf
11,C.J. Harris,,25,10,0,100,67,0,1,1,1,4,0,1,1,0,0,0,9,-1,0,3,2,2,4,6,Hapoel Eilat,A,26,24,Amit Schaerf
12,Shahar Amir,,16,5,0,33,100,2,0,2,2,2,0,0,1,0,0,0,6,-4,0,0,1,3,2,2,Hapoel Eilat,A,26,24,Amit Schaerf
15,Kevin Hervey,*,24,2,33,0,0,4,0,4,0,0,1,2,1,0,0,0,0,-8,1,3,0,4,0,0,Hapoel Eilat,A,26,24,Amit Schaerf
16,Yotam Hanochi,*,21,6,25,0,67,3,3,6,2,2,0,0,0,1,2,0,2,-12,2,8,0,2,2,3,Hapoel Eilat,A,26,24,Amit Schaerf
21,Netanel Artzi,*,26,9,60,25,0,5,0,5,2,1,1,1,3,0,0,0,11,-15,3,5,1,4,0,0,Hapoel Eilat,A,26,24,Amit Schaerf
44,Niv Misgav,*,27,8,50,40,0,1,0,1,4,2,2,1,5,0,0,0,9,-18,1,2,2,5,0,0,Hapoel Eilat,A,26,24,Amit Schaerf
,Total,,200,62,36,35,73,28,7,35,20,19,4,9,15,1,3,0,62,0,12,33,9,26,11,15,Hapoel Eilat,A,26,24,Amit Schaerf
,Team,,0,0,0,0,0,3,4,7,0,0,0,0,0,0,0,0,7,0,0,0,0,0,0,0,Hapoel Tel-Aviv,A,27,26,Amit Schaerf
3,Justin Smith,*,26,19,44,0,83,3,5,8,3,4,0,1,1,0,1,3,17,-16,7,16,0,0,5,6,Hapoel Tel-Aviv,A,27,26,Amit Schaerf
6,Tahjere McCall,*,29,9,30,50,0,5,0,5,1,1,1,4,5,1,2,0,6,-17,3,10,1,2,0,1,Hapoel Tel-Aviv,A,27,26,Amit Schaerf
8,Shawn Dawson,,25,5,50,0,25,5,0,5,2,2,0,1,1,1,0,0,5,-13,2,4,0,1,1,4,Hapoel Tel-Aviv,A,27,26,Amit Schaerf
9,Hans Vanwijn,,15,4,50,0,0,0,2,2,2,1,0,0,0,1,0,0,3,-6,2,4,0,1,0,0,Hapoel Tel-Aviv,A,27,26,Amit Schaerf
12,Shahar Amir,,17,3,100,0,50,0,1,1,1,1,1,1,0,0,0,0,2,-4,1,1,0,1,1,2,Hapoel Tel-Aviv,A,27,26,Amit Schaerf
15,Kevin Hervey,,24,2,50,0,0,9,0,9,2,1,1,1,1,0,0,0,7,-4,1,2,0,3,0,0,Hapoel Tel-Aviv,A,27,26,Amit Schaerf
16,Yotam Hanochi,*,14,3,0,50,0,2,0,2,4,0,0,3,1,0,0,0,-4,-12,0,2,1,2,0,0,Hapoel Tel-Aviv,A,27,26,Amit Schaerf
21,Netanel Artzi,*,23,2,25,0,0,4,2,6,2,0,2,1,0,0,0,0,2,-13,1,4,0,2,0,0,Hapoel Tel-Aviv,A,27,26,Amit Schaerf
44,Niv Misgav,*,27,12,25,40,100,1,2,3,3,2,0,3,7,0,0,0,12,-15,1,4,2,5,4,4,Hapoel Tel-Aviv,A,27,26,Amit Schaerf
,Total,,200,59,38,24,65,32,16,48,20,12,5,15,16,3,3,3,57,0,18,47,4,17,11,17,Hapoel Tel-Aviv,A,27,26,Amit Schaerf
,Team,,0,0,0,0,0,0,3,3,0,0,1,1,0,0,0,0,3,0,0,0,0,0,0,0,Hapoel Jerusalem,A,29,29,Amit Schaerf
3,Justin Smith,*,29,17,50,0,70,2,2,4,1,6,1,1,0,1,2,4,17,-10,5,10,0,0,7,10,Hapoel Jerusalem,A,29,29,Amit Schaerf
6,Tahjere McCall,*,28,15,80,40,50,2,0,2,3,4,2,7,10,0,0,1,18,-8,4,5,2,5,1,2,Hapoel Jerusalem,A,29,29,Amit Schaerf
8,Shawn Dawson,,18,10,75,25,100,3,0,3,2,2,0,1,0,0,0,1,8,-12,3,4,1,4,1,1,Hapoel Jerusalem,A,29,29,Amit Schaerf
12,Shahar Amir,,17,4,50,0,0,1,0,1,4,2,0,0,1,0,0,0,1,-6,2,4,0,1,0,0,Hapoel Jerusalem,A,29,29,Amit Schaerf
15,Kevin Hervey,,19,11,33,43,0,1,1,2,1,1,1,1,1,0,1,0,5,-12,1,3,3,7,0,2,Hapoel Jerusalem,A,29,29,Amit Schaerf
16,Yotam Hanochi,*,20,4,50,0,67,4,1,5,1,3,0,1,2,1,0,0,8,-10,1,2,0,3,2,3,Hapoel Jerusalem,A,29,29,Amit Schaerf
21,Netanel Artzi,,11,2,100,0,0,1,0,1,4,0,0,1,1,0,0,0,-2,-5,1,1,0,1,0,0,Hapoel Jerusalem,A,29,29,Amit Schaerf
22,Drew Crawford,*,29,11,50,75,0,4,1,5,4,0,1,1,0,0,1,0,9,-17,1,2,3,4,0,0,Hapoel Jerusalem,A,29,29,Amit Schaerf
30,Ran Solomon,,1,0,0,0,0,0,0,0,0,0,0,0,0,0,0,0,0,-1,0,0,0,0,0,0,Hapoel Jerusalem,A,29,29,Amit Schaerf
44,Niv Misgav,*,28,2,100,0,0,1,1,2,1,4,0,2,6,0,0,0,9,-9,1,1,0,2,0,0,Hapoel Jerusalem,A,29,29,Amit Schaerf
,Total,,200,76,59,33,61,19,9,28,21,22,6,16,21,2,4,6,76,0,19,32,9,27,11,18,Hapoel Jerusalem,A,29,29,Amit Schaerf
